<?xml version="1.0" encoding="UTF-8"?>
<!--=========================================================================-->
<!-- NAME : BatchResultSQL.xml                                               -->
<!-- DESC : Batch Job Result                                                 -->
<!--=========================================================================-->
<!--    DATE        AUTHOR                      DESCRIPTION                  -->
<!-- ==========  ============  ==============================================-->
<!-- 2017.09.14  Greoorio Kim    Initial Creation                            -->
<!--=========================================================================-->
<!DOCTYPE mapper PUBLIC "-//mybatis.org//DTD Mapper 3.0//EN" "http://mybatis.org/dtd/mybatis-3-mapper.dtd">
<mapper namespace="batch.web.inf.infLayout">
	
	<!--=========================================================================-->
	<!-- NAME : selAllColumns                                                    -->
	<!-- DESC : Retrieve  Interface Layout                                       -->
	<!--=========================================================================-->
	<!--    DATE        AUTHOR                      DESCRIPTION                  -->
	<!-- ==========  ============  ==============================================-->
	<!-- 2017.05.13  Gregorio Kim    Initial Creation                            -->
	<!--=========================================================================-->
	<select id="selAllColumns" parameterType="hashmap" resultType="camelMap">
		SELECT 
       		   INF_ID
       		  ,MSG_TYPE
		      ,FIELD_ORDER
		      ,FIELD_NAME
		      ,FIELD_LENGTH
		      ,FIELD_TYPE
		      ,DEFAULT_VALUE
		FROM INF_LAYOUT
		<trim prefix="WHERE" prefixOverrides="AND|OR">
			<if test="infId != null and infId !=''">
				INF_ID = #{infId}
			</if>
			<if test="msgType != null and msgType !=''">
				MSG_TYPE = #{msgType}
			</if>			
		</trim>
		ORDER BY INF_ID, FIELD_ORDER	
	</select>

	<!--=========================================================================-->
	<!-- NAME : selFieldAndLength                                                -->
	<!-- DESC : Retrieve FiledName and FieldLength                               -->
	<!--=========================================================================-->
	<!--    DATE        AUTHOR                      DESCRIPTION                  -->
	<!-- ==========  ============  ==============================================-->
	<!-- 2017.05.13  Gregorio Kim    Initial Creation                            -->
	<!--=========================================================================-->
	<select id="selNameAndLength" parameterType="hashmap" resultType="camelMap">
		SELECT 
		       FIELD_NAME
		      ,FIELD_LENGTH
		FROM INF_LAYOUT
		WHERE INF_ID = #{infId}
		<if test="msgType != null and msgType !=''">
			AND MSG_TYPE = #{msgType}
		</if>			
		ORDER BY FIELD_ORDER
	</select>
	
	<insert id="insinfLayout" parameterType="hashmap">
		<selectKey keyColumn="FIELD_ORDER" keyProperty="fieldOrder" resultType="int" order="BEFORE">
			SELECT IFNULL(MAX(FIELD_ORDER) + 1, 1) AS FIELD_ORDER
			FROM INF_LAYOUT
			WHERE INF_ID = #{infId}
		</selectKey>
		
		INSERT INTO INF_LAYOUT (
       		   INF_ID
       		  ,MSG_TYPE
		      ,FIELD_ORDER
		      ,FIELD_NAME
		      ,FIELD_LENGTH
		      ,FIELD_TYPE
		      ,DEFAULT_VALUE
		      ,USE_YN
		) 		
		VALUES (
			 #{infId}
			,#{msgType}
			,#{fieldOrder}
			,#{fieldName}
			,#{fieldLength}
			,#{fieldType}
			,#{defaultValue}
			,'Y'
		)
	</insert>
</mapper>
