<?xml version="1.0" encoding="UTF-8"?>
<!--=========================================================================-->
<!-- NAME : BatchResultSQL.xml                                               -->
<!-- DESC : Batch Job Result                                                 -->
<!--=========================================================================-->
<!--    DATE        AUTHOR                      DESCRIPTION                  -->
<!-- ==========  ============  ==============================================-->
<!-- 2017.09.14  Greoorio Kim    Initial Creation                            -->
<!--=========================================================================-->
<!DOCTYPE mapper PUBLIC "-//mybatis.org//DTD Mapper 3.0//EN" "http://mybatis.org/dtd/mybatis-3-mapper.dtd">
<mapper namespace="batch.web.inf.service">

	<!--=========================================================================-->
	<!-- NAME : selAllServiceCnt                                                 -->
	<!-- DESC : Retrieve  Job History from spring batch framework                -->
	<!--=========================================================================-->
	<!--    DATE        AUTHOR                      DESCRIPTION                  -->
	<!-- ==========  ============  ==============================================-->
	<!-- 2017.05.13  Gregorio Kim    Initial Creation                            -->
	<!--=========================================================================-->
	<select id="selAllServiceCnt" parameterType="hashmap" resultType="java.lang.Integer">
		SELECT COUNT(*) TOTAL_COUNT
		FROM  SERVICE_INFO A
			 ,HOST_INFO B
		WHERE 1 = 1
		AND   A.HOST_ID = B.HOST_ID
		<if test="serviceName != null and serviceName!='' ">
			AND SERVICE_NAME LIKE '%' || #{serviceName} || '%'
		</if>
		<if test="targetServiceName != null and targetServiceName!='' ">
			AND TARGET_SERVICE_NAME LIKE '%' || #{targetServiceName} || '%'
		</if>
		AND   A.USE_YN = 'Y'
		ORDER BY A.SERVICE_ID	
	</select>
	
	<!--=========================================================================-->
	<!-- NAME : selAllService                                                    -->
	<!-- DESC : Retrieve  Job History from spring batch framework                -->
	<!--=========================================================================-->
	<!--    DATE        AUTHOR                      DESCRIPTION                  -->
	<!-- ==========  ============  ==============================================-->
	<!-- 2017.05.13  Gregorio Kim    Initial Creation                            -->
	<!--=========================================================================-->
	<select id="selAllService" parameterType="hashmap" resultType="camelMap">
		SELECT 
		       A.SERVICE_ID
		      ,A.SERVICE_NAME
		      ,A.TARGET_SERVICE_NAME
		      ,IFNULL(A.HEAD_INF_ID, '') HEAD_INF_ID
		      ,IFNULL(A.MSG_INF_ID, '') MSG_INF_ID
		      ,(SELECT IFNULL(COUNT(*), 0) FROM INF_LAYOUT C WHERE A.HEAD_INF_ID = C.INF_ID) AS HEAD_FIELD_CNT
		      ,(SELECT IFNULL(COUNT(*), 0) FROM INF_LAYOUT C WHERE A.MSG_INF_ID = C.INF_ID AND C.MSG_TYPE = 'I') AS SEND_FIELD_CNT
		      ,(SELECT IFNULL(COUNT(*), 0) FROM INF_LAYOUT C WHERE A.MSG_INF_ID = C.INF_ID AND C.MSG_TYPE = 'O') AS RCV_FIELD_CNT
		      ,A.RUN_THREAD_CNT
		      ,A.RUN_TIME_SECONDS
		      ,B.PROTOCOL
		FROM  SERVICE_INFO A
			 ,HOST_INFO B
		WHERE 1 = 1
		AND	  A.HOST_ID = B.HOST_ID
		<if test="serviceName != null and serviceName!='' ">
			AND SERVICE_NAME LIKE '%' || #{serviceName} || '%'
		</if>
		<if test="targetServiceName != null and targetServiceName!='' ">
			AND TARGET_SERVICE_NAME LIKE '%' || #{targetServiceName} || '%'
		</if>
		AND   A.USE_YN = 'Y'
		ORDER BY A.SERVICE_ID	
	</select>
	
	<select id="selFieldName" parameterType="hashmap" resultType="camelMap">
		SELECT 
			   IFNULL(HEAD_INF_ID, '') HEAD_INF_ID
		      ,IFNULL(MSG_INF_ID, '') MSG_INF_ID
		FROM  SERVICE_INFO
		WHERE SERVICE_ID = #{serviceId}     
	</select>
	
	<select id="selHostId" parameterType="hashmap" resultType="camelMap" >
		SELECT HOST_ID
		FROM SERVICE_INFO
		WHERE SERVICE_ID = #{serviceId}     
	</select>

</mapper>
