<?xml version="1.0" encoding="UTF-8"?>
<ehcache xmlns:xsi="http://www.w3.org/2001/XMLSchema-instance"
 		 xsi:noNamespaceSchemaLocation="ehcache.xsd" updateCheck="true"
  		monitoring="autodetect"
  		dynamicConfig="true">

<diskStore path="java.io.tmpdir" />

<defaultCache maxEntriesLocalHeap="10000" 
			eternal="false"
  			timeToIdleSeconds="120" 
  			timeToLiveSeconds="120"
  			diskSpoolBufferSizeMB="30" 
  			maxEntriesLocalDisk="10000000"
  			diskExpiryThreadIntervalSeconds="120" 
  			memoryStoreEvictionPolicy="LRU">
  	<persistence strategy="localTempSwap" />
</defaultCache>

<cache name="chceckCache" 
	 maxEntriesLocalHeap="10000"
   	 maxEntriesLocalDisk="20000" 
   	 eternal="false" 
   	 diskSpoolBufferSizeMB="20"
  	 timeToIdleSeconds="0" 
  	 timeToLiveSeconds="0"
  	 memoryStoreEvictionPolicy="LRU" 
  	 transactionalMode="off">
  	<persistence strategy="localTempSwap" />
</cache>

<cache name="healthCheckCache" 
		maxEntriesLocalHeap="10000"
		maxEntriesLocalDisk="20000" 
		eternal="false" 
		diskSpoolBufferSizeMB="20"
		timeToIdleSeconds="0" 
		timeToLiveSeconds="0"
		memoryStoreEvictionPolicy="LRU" 
		transactionalMode="off">
	<persistence strategy="localTempSwap" />
</cache>

</ehcache>