<?xml version="1.0" encoding="UTF-8"?>
<!DOCTYPE xml>
<configuration scan="true" scanPeriod="60 seconds">
	<!-- 화면 출력 Appender -->
	<appender name="console" class="ch.qos.logback.core.ConsoleAppender">
		<encoder>
			<charset>UTF-8</charset>
			<pattern>%d{HH:mm:ss.SSS} [%thread] %-5level %logger{50} | %msg%n</pattern>
		</encoder>
		<filter class="ch.qos.logback.classic.filter.ThresholdFilter">
			<level>DEBUG</level>
		</filter>
	</appender>

	<!-- 화면 예외(Exception) 발생 출력 Appender -->
	<appender name="console-error" class="ch.qos.logback.core.ConsoleAppender">
		<encoder>
			<charset>UTF-8</charset>
			<pattern>%d{HH:mm:ss.SSS} [%thread] %-5level %logger{50} | %msg%n</pattern>
		</encoder>
		<filter class="ch.qos.logback.classic.filter.ThresholdFilter">
			<level>WARN</level>
        </filter>
	</appender>

	<!-- 화면 SQL 출력 Appender -->
	<appender name="console-sql" class="ch.qos.logback.core.ConsoleAppender">
		<encoder>
			<charset>UTF-8</charset>
			<pattern>-------------------------------------------%n%msg%n</pattern>
		</encoder>
	</appender>

    
    <logger name="dymn.simulator" level="DEBUG">
        <level value="DEBUG" />
		<appender-ref ref="console" />
		<appender-ref ref="console-error" />
    </logger>

	<!-- 3rd Party -->
	<!-- Spring Framework logging level -->
	<logger name="org.springframework" additivity="false">
        <level value="INFO" />
		<appender-ref ref="console" />
		<appender-ref ref="console-error" />
	</logger>

	<!-- Apache Components logging level -->
	<logger name="org.apache" additivity="false">
		<level value="WARN" />
		<appender-ref ref="console-error" />
	</logger>

	<!-- Apache HttpComponents: 디버깅 -->
	<logger name="org.apache.http.wire" additivity="false">
		<level value="DEBUG" />
		<appender-ref ref="console" />
	</logger>

	<!-- Hibernate validator logging level -->
	<logger name="org.hibernate" additivity="false">
		<level value="ERROR" />
		<appender-ref ref="console-error" />
	</logger>

	<!-- Quartz scheduler logging level -->
	<logger name="org.quartz" additivity="false">
		<level value="WARN" />
		<appender-ref ref="console-error" />
	</logger>

	<!-- MyBatis & SQL -->
	<!-- SQL base level -->
	<logger name="java.sql" additivity="false">
		<level value="WARN" />
		<appender-ref ref="console-error" />
	</logger>
	<logger name="org.springframework.jdbc" additivity="false">
        <level value="WARN" />
		<appender-ref ref="console-error" />
    </logger>

	<!-- MyBatis logging level -->
	<logger name="org.mybatis" additivity="false">
		<level value="WARN" />
		<appender-ref ref="console-error" />
	</logger>

	<!--
		JDBC SQL Query Print logging level
	-->
	<logger name="jdbc.connection" additivity="false"> 
		<level value="OFF" />
		<appender-ref ref="console-sql" />
	</logger>
    <logger name="jdbc.resultset" additivity="false"> 
        <level value="OFF" />
        <appender-ref ref="console-sql" />
    </logger>
	<logger name="jdbc.audit" additivity="false"> 
		<level value="OFF" />
		<appender-ref ref="console-sql" />
	</logger>
	<logger name="jdbc.sqltiming" additivity="false"> 
        <level value="OFF" />
        <appender-ref ref="console-sql" />
    </logger>
	<logger name="jdbc.resultsettable" additivity="false"> <!-- SQL 조회 결과를 확인하고 싶을 경우는 DEBUG로 수정 -->
		<level value="INFO" />
		<appender-ref ref="console-sql" />
	</logger>
	<logger name="jdbc.sqlonly" additivity="false">
		<!-- DEBUG로 설정되어 있을때만 실행된 SQL이 출력되며 ERROR로 설정시에는 SQL이 출력되지 않는다 -->
		<level value="DEBUG" />
		<appender-ref ref="console-sql" />
	</logger>

	<!-- root level="INFO">
		<appender-ref ref="console" />
	</root-->
</configuration>